<configuration>

    <property name="LOG_FILE_LOCATION" value="logs" />
    <property name="LOG_FILE_NAME" value="UserService" />
    <property name="LOG_FILE_EXTENSION" value=".log" />
    <timestamp key="bySecond" datePattern="yyyyMMdd'T'HHmmss"
               timeReference="contextBirth"/>


    <appender name="FILE_AUDIT" class="ch.qos.logback.core.FileAppender">
        <file>${LOG_FILE_LOCATION}/${LOG_FILE_NAME}_${bySecond}${LOG_FILE_EXTENSION}</file>
        <encoder>
            <pattern>%d{HH:mm:ss.SSS} [%thread] %-5level %logger{36} - %msg%n</pattern>
        </encoder>
    </appender>

    <appender name="STDOUT" class="ch.qos.logback.core.ConsoleAppender">
        <!-- encoders are assigned the type
             ch.qos.logback.classic.encoder.PatternLayoutEncoder by default -->
        <encoder>
            <pattern>%d{HH:mm:ss.SSS} [%thread] %-5level %logger{36} - %msg%n</pattern>
        </encoder>
    </appender>

    <root level="debug">
        <appender-ref ref="STDOUT" />
        <appender-ref ref="FILE_AUDIT"/>
    </root>
</configuration>